["Data",{"dataset":"questions","name":"Metadata","description":"Information to make available in the popups","key":"metadata","type":"columns","columns":"Data::B"},{"dataset":"questions","name":"Categorical columns","description":"Each of these columns appears in the “Group by”, “Shade by” and “Compare” dropdowns.","key":"categorical","type":"columns","columns":"Data::A,G-M"},{"dataset":"questions","name":"Continuous columns","description":"Must contain numbers. Each of these columns appears in the “Size by” dropdown.","key":"continuous","type":"columns","columns":"Data::C,D"},{"dataset":"questions","name":"Geographic columns","description":"Must contain place names matching those specified in the “Countries” sheet. Set to blank to disable the map mode.","key":"geo","type":"columns","columns":"Data::E,F"},{"dataset":"questions","name":"Slider or menu","description":"Add a time slider or menu to filter the data based on the contents of a single column","key":"column_filter","type":"column","optional":true},{"dataset":"questions","name":"Unique name/ID","description":"Specify to allow animations between multiple occurences of the same person or thing – e.g. when using a time slider","key":"id","type":"column","optional":true},"Group ordering",{"dataset":"order","key":"categories","name":"Order of answers","type":"columns","columns":"Group order::A-ZZ"},"Labels",{"dataset":"labels","name":"Label","key":"label","type":"column","column":"Label overrides::A"},{"dataset":"labels","name":"Replacement","key":"replacement","type":"column","column":"Label overrides::B"},"Colour overrides",{"dataset":"colors","name":"Question","key":"question","type":"column","column":"Colour overrides::A"},{"dataset":"colors","name":"Answer","key":"answer","type":"column","column":"Colour overrides::B"},{"dataset":"colors","name":"Colour","key":"color","type":"column","column":"Colour overrides::C"},"Places",{"dataset":"places","name":"Latitude","key":"latitude","type":"column","column":"Countries::A"},{"dataset":"places","name":"Longitude","key":"longitude","type":"column","column":"Countries::B"},{"dataset":"places","name":"Names","key":"names","type":"columns","columns":"Countries::C-E"},"Grouped answers",{"dataset":"answer_groups","key":"group","name":"Group name","type":"column","column":"Answer groups::A"},{"dataset":"answer_groups","key":"question","name":"Question","type":"column","column":"Answer groups::B"},{"dataset":"answer_groups","key":"display_as","name":"Display answer as","type":"column","column":"Answer groups::C"},{"dataset":"answer_groups","key":"affirmative_answers","name":"Answers to include","description":"The respondent is included in the group if their answer to the question is one of the answers listed in these columns","type":"columns","columns":"Answer groups::D"}]